date,slot,time,sell,buy
2026-09-24,開盤,08:39,4423,4375
2026-09-24,中午,11:59,4411,4363
2026-09-24,收盤,15:15,4407,4359
2026-09-29,開盤,08:39,4240,4193
2026-09-29,中午,11:59,4252,4205
2026-09-29,收盤,15:25,4275,4228
2026-09-30,開盤,08:39,4312,4265
2026-09-30,中午,12:00,4299,4252
2026-09-30,收盤,15:14,4323,4276
2026-10-01,開盤,08:39,4267,4220
2026-10-01,中午,11:59,4310,4263
2026-10-01,收盤,15:24,4305,4258
2026-10-02,開盤,08:39,4291,4244
2026-10-02,中午,11:59,4308,4261
2026-10-02,收盤,15:24,4314,4267
2026-10-05,開盤,08:39,4279,4232
2026-10-05,中午,11:59,4258,4211
2026-10-05,收盤,15:14,4268,4221
