date,time,sell,buy,bar_recycle,jewelry_recycle
2025-09-27,10:00,13980,13380,,
2025-09-29,10:00,14050,13450,,
2025-09-30,10:00,14300,13700,,
2025-10-01,10:00,14350,13750,,
2025-10-02,10:00,14300,13700,,
2025-10-03,10:00,14290,13690,,
2025-10-04,10:00,14370,13770,,
2025-10-06,10:00,14490,13890,,
2025-10-07,10:00,14650,14050,,
2025-10-08,10:00,14860,14260,,
2025-10-09,10:00,14910,14310,,
2025-10-10,10:00,14770,14170,,
2025-10-11,10:00,14930,14330,,
2025-10-13,10:00,15100,14500,,
2025-10-14,10:00,15440,14840,,
2025-10-15,10:00,15610,15010,,
2025-10-16,10:00,15740,15140,,
2025-10-17,10:00,16080,15480,,
2025-10-18,10:00,15870,15270,,
2025-10-20,10:00,15890,15290,,
2025-10-21,10:00,16190,15590,,
2025-10-22,10:00,15280,14680,,
2025-10-23,10:00,15250,14650,,
2025-10-24,10:00,15440,14840,,
2025-10-25,10:00,15420,14820,,
2025-10-27,10:00,15260,14660,,
2025-10-28,10:00,14950,14350,,
2025-10-29,10:00,14780,14180,,
2025-10-30,10:00,14730,14130,,
2025-10-31,10:00,15030,14430,,
2025-11-01,10:00,14980,14380,,
2025-11-03,10:00,14950,14350,,
2025-11-04,10:00,14980,14380,,
2025-11-05,10:00,14830,14230,,
2025-11-06,10:00,14970,14370,,
2025-11-07,10:00,15080,14480,,
2025-11-08,10:00,15120,14520,,
2025-11-10,10:00,15260,14660,,
2025-11-11,10:00,15590,14990,,
2025-11-12,10:00,15600,15000,,
2025-11-13,10:00,15840,15240,,
2025-11-14,10:00,15860,15260,,
2025-11-15,10:00,15490,14890,,
2025-11-17,10:00,15490,14890,,
2025-11-18,10:00,15270,14670,,
2025-11-19,10:00,15420,14820,,
2025-11-20,10:00,15510,14910,,
2025-11-21,10:00,15500,14900,,
2025-11-22,10:00,15550,14950,,
2025-11-24,10:00,15460,14860,,
2025-11-25,10:00,15810,15210,,
2025-11-26,10:00,15810,15210,,
2025-11-27,10:00,15810,15210,,
2025-11-28,10:00,15980,15380,,
2025-11-29,10:00,16110,15510,,
2025-12-01,10:00,16250,15650,,
2025-12-02,10:00,16110,15510,,
2025-12-03,10:00,16090,15490,,
2025-12-04,10:00,16030,15430,,
2025-12-05,10:00,16020,15420,,
2025-12-06,10:00,15960,15360,,
2025-12-08,10:00,15930,15330,,
2025-12-09,10:00,15890,15290,,
2025-12-10,10:00,15980,15380,,
2025-12-11,10:00,16050,15450,,
2025-12-12,10:00,16200,15600,,
2025-12-13,10:00,16300,15700,,
2025-12-15,10:00,16440,15840,,
2025-12-16,10:00,16460,15860,,
2025-12-17,10:00,16570,15970,,
2025-12-18,10:00,16630,16030,,
2025-12-19,10:00,16570,15970,,
2025-12-20,10:00,16640,16040,,
2025-12-22,10:00,16780,16180,,
2025-12-23,10:00,17190,16590,,
2025-12-24,10:00,17270,16670,,
2025-12-25,10:00,17150,16550,,
2025-12-26,10:00,17230,16630,,
2025-12-27,10:00,17330,16730,,
2025-12-29,10:00,17180,16580,,
2025-12-30,10:00,16660,16060,,
2025-12-31,10:00,16690,16090,,
2026-01-01,10:00,16520,15920,,
2026-01-02,10:00,16610,16010,,
2026-01-03,10:00,16560,15960,,
2026-01-05,10:00,16800,16200,,
2026-01-06,10:00,17030,16430,,
2026-01-07,10:00,17090,16490,,
2026-01-08,10:00,17080,16480,,
2026-01-09,10:00,17180,16580,,
2026-01-10,10:00,17330,16730,,
2026-01-12,10:00,17560,16960,,
2026-01-13,10:00,17610,17010,,
2026-01-14,10:00,17770,17170,,
2026-01-15,10:00,17650,17050,,
2026-01-16,10:00,17640,17040,,
2026-01-17,10:00,17640,17040,,
2026-01-19,10:00,17850,17250,,
2026-01-20,10:00,17950,17350,,
2026-01-21,10:00,18560,17960,,
2026-01-22,10:00,18430,17830,,
2026-01-23,10:00,19000,18400,,
2026-01-24,10:00,19120,18520,,
2026-01-26,10:00,19360,18760,,
2026-01-27,10:00,19340,18740,,
2026-01-28,10:00,19790,19190,,
2026-01-29,10:00,21050,20450,,
2026-01-30,10:00,20190,19590,,
2026-01-31,10:00,18710,18110,,
2026-02-02,10:00,18150,17550,,
2026-02-03,10:00,18560,17960,,
2026-02-04,10:00,19360,18760,,
2026-02-05,10:00,19010,18410,,
2026-02-06,10:00,18370,17770,,
2026-02-07,10:00,19110,18510,,
2026-02-09,10:00,19120,18520,,
2026-02-10,10:00,19270,18670,,
2026-02-11,10:00,19320,18720,,
2026-02-12,10:00,19300,18700,,
2026-02-13,10:00,19020,18420,,
2026-02-14,10:00,19300,18700,,
2026-02-16,10:00,19250,18650,,
2026-02-17,10:00,18970,18370,,
2026-02-18,10:00,18720,18120,,
2026-02-19,10:00,19030,18430,,
2026-02-20,10:00,19130,18530,,
2026-02-21,10:00,19550,18950,,
2026-02-23,10:00,19720,19120,,
2026-02-24,10:00,19780,19180,,
2026-02-25,10:00,19710,19110,,
2026-02-26,10:00,19720,19120,,
2026-02-27,10:00,19700,19100,,
2026-02-28,10:00,20020,19420,,
2026-03-02,10:00,20190,19590,,
2026-03-03,10:00,20410,19810,,
2026-03-04,10:00,19940,19340,,
2026-03-05,10:00,19880,19280,,
2026-03-06,10:00,19780,19180,,
2026-03-09,10:00,19600,19000,,
2026-03-10,10:00,20020,19420,,
2026-03-11,10:00,20060,19460,,
2026-03-12,10:00,19910,19310,,
2026-03-13,10:00,19960,19360,,
2026-03-14,10:00,19760,19060,,
2026-03-16,10:00,19770,19070,,
2026-03-17,10:00,19780,19080,,
2026-03-18,10:00,19630,18930,,
2026-03-19,10:00,19090,18390,,
2026-03-20,10:00,18440,17740,,
2026-03-21,10:00,17780,17080,,
2026-03-23,10:00,17390,16690,,
2026-03-24,10:00,17140,16440,,
2026-03-25,10:00,18100,17400,,
2026-03-26,10:00,17870,17170,,
2026-03-27,10:00,17440,16740,,
2026-03-28,10:00,17710,17010,,
2026-03-30,10:00,17650,16950,,
2026-03-31,10:00,18240,17540,,
2026-04-01,10:00,18500,17800,,
2026-04-02,10:00,18520,17820,,
2026-04-03,10:00,18470,17770,,
2026-04-04,10:00,18470,17770,,
2026-04-06,10:00,18280,17580,,
2026-04-07,10:00,18260,17560,,
2026-04-08,10:00,18880,18180,,
2026-04-09,10:00,18550,17850,,
2026-04-10,10:00,18660,17960,,
2026-04-11,10:00,18610,17910,,
2026-04-13,10:00,18530,17830,,
2026-04-14,10:00,18660,17960,,
2026-04-15,10:00,18910,18210,,
2026-04-16,10:00,18760,18060,,
2026-04-17,10:00,18650,17950,,
2026-04-18,10:00,18840,18140,,
2026-04-20,10:00,18690,17990,,
2026-04-21,10:00,18680,17980,,
2026-04-22,10:00,18470,17770,,
2026-04-23,10:00,18370,17670,,
2026-04-24,10:00,18290,17590,,
2026-04-25,10:00,18330,17630,,
2026-04-27,10:00,18240,17540,,
2026-04-28,10:00,18160,17460,,
2026-04-29,10:00,17890,17190,,
2026-04-30,10:00,17900,17200,,
2026-05-01,10:00,18080,17380,,
2026-05-02,10:00,18050,17350,,
2026-05-04,10:00,18000,17300,,
2026-05-05,10:00,17750,17050,,
2026-05-06,10:00,18000,17300,,
2026-05-07,10:00,18260,17560,,
2026-05-08,10:00,18300,17600,,
2026-05-09,10:00,18310,17610,,
2026-05-11,10:00,18180,17480,,
2026-05-12,10:00,18340,17640,,
2026-05-13,10:00,18300,17600,,
2026-05-14,10:00,18240,17540,,
2026-05-15,10:00,17970,17270,,
2026-05-16,10:00,17700,17000,,
2026-05-18,10:00,17670,16970,,
2026-05-19,10:00,17820,17120,,
2026-05-20,10:00,17550,16850,,
2026-05-21,10:00,17810,17110,,
2026-05-22,10:00,17650,16950,,
2026-05-23,10:00,17590,16890,,
2026-05-25,10:00,17710,17010,,
2026-05-26,10:00,17630,16930,,
2026-05-27,10:00,17500,16800,,
2026-05-28,10:00,17130,16430,,
2026-05-29,10:00,17470,16770,,
2026-05-30,10:00,17600,16900,,
2026-06-01,10:00,17520,16820,,
2026-06-02,10:00,17360,16660,,
2026-06-03,10:00,17370,16670,,
2026-06-04,10:00,17370,16670,,
2026-06-05,10:00,17310,16610,,
2026-06-06,10:00,16860,16160,,
2026-06-08,10:00,16920,16220,,
2026-06-09,10:00,16960,16260,,
2026-06-10,10:00,16410,15710,,
2026-06-11,10:00,16110,15410,,
2026-06-12,10:00,16400,15700,,
2026-06-13,10:00,16520,15820,,
2026-06-15,10:00,16840,16140,,
2026-06-16,10:00,16840,16140,,
2026-06-17,10:00,16950,16250,,
2026-06-18,10:00,16870,16170,,
2026-06-19,10:00,16370,15670,,
2026-06-20,10:00,16260,15560,,
2026-06-22,10:00,16410,15710,,
2026-06-23,10:00,16280,15580,,
2026-06-24,10:00,16030,15330,,
2026-06-25,10:00,15690,14990,,
2026-06-26,10:00,15870,15170,,
2026-06-27,10:00,16140,15440,,
2026-06-29,10:00,16040,15340,,
2026-06-30,10:00,15690,14990,,
2026-07-01,10:00,15720,15020,,
2026-07-02,10:00,15990,15290,,
2026-07-03,10:00,16530,15830,,
2026-07-04,10:00,16520,15820,,
2026-07-06,10:00,16600,15900,,
2026-07-07,10:00,16430,15730,,
2026-07-08,10:00,16370,15670,,
2026-07-09,10:00,16190,15490,,
2026-07-10,10:00,16390,15690,,
2026-07-11,10:00,16410,15710,,
2026-07-13,10:00,16200,15500,,
2026-07-14,10:00,15990,15290,,
2026-07-15,10:00,16070,15370,,
2026-07-16,10:00,16090,15390,,
2026-07-17,10:00,15940,15240,,
2026-07-18,10:00,16080,15380,,
2026-07-20,10:00,16060,15360,,
2026-07-21,10:00,16090,15390,,
2026-07-22,10:00,16480,15780,,
2026-07-23,10:00,16440,15740,,
2026-07-24,10:00,16170,15470,,
2026-07-25,10:00,16260,15560,,
2026-07-27,10:00,16470,15770,,
2026-07-28,10:00,16230,15530,,
2026-07-29,10:00,16190,15490,,
2026-07-30,10:00,16420,15720,,
2026-07-31,10:00,16420,15720,,
2026-08-01,10:00,16190,15490,,
2026-08-03,10:00,16230,15530,,
2026-08-04,10:00,16300,15600,,
2026-08-05,10:00,16410,15710,,
2026-08-06,10:00,17070,16370,,
2026-08-07,10:00,16960,16260,,
2026-08-08,10:00,17340,16640,,
2026-08-10,10:00,17220,16520,,
2026-08-11,10:00,17610,16910,,
2026-08-12,10:00,17500,16800,,
2026-08-13,10:00,17530,16830,,
2026-08-14,10:00,17100,16400,,
2026-08-15,10:00,17330,16630,,
2026-08-17,10:00,17340,16640,,
2026-08-18,10:00,17310,16610,,
2026-08-19,10:00,17190,16490,,
2026-08-20,10:00,17680,16980,,
2026-08-21,10:00,17830,17130,,
2026-08-22,10:00,18120,17420,,
2026-08-24,10:00,18190,17490,17670,17550
2026-08-25,10:00,18320,17620,17800,17680
2026-08-26,10:00,18320,17620,17800,17680
2026-08-27,10:00,18190,17490,17670,17550
2026-08-28,10:00,17880,17180,17360,17240
2026-08-29,10:00,17420,16720,16900,16780
2026-08-31,10:00,17380,16680,16860,16740
2026-09-01,10:00,17360,16660,16840,16720
2026-09-02,10:00,16810,16110,16290,16170
2026-09-03,10:00,17290,16590,16770,16650
2026-09-04,10:00,17550,16850,17030,16910
2026-09-05,10:00,17330,16630,16810,16690
2026-09-07,10:00,17230,16530,16710,16590
2026-09-08,10:00,17260,16560,16740,16620
2026-09-09,10:00,17020,16320,16500,16380
2026-09-10,10:00,17190,16490,16670,16550
2026-09-11,10:00,16940,16240,16420,16300
2026-09-12,10:00,17030,16330,16510,16390
2026-09-14,10:00,17050,16350,16530,16410
2026-09-15,10:00,16930,16230,16410,16290
2026-09-16,10:00,16910,16210,16390,16270
2026-09-17,10:00,16960,16260,16440,16320
2026-09-18,10:00,17090,16390,16570,16450
2026-09-19,10:00,17230,16530,16710,16590
2026-09-21,10:00,17160,16460,16640,16520
2026-09-22,10:00,17050,16350,16530,16410
2026-09-23,10:00,17010,16310,16490,16370
2026-09-24,10:00,16830,16130,16310,16190
2026-09-25,10:00,16870,16170,16350,16230
2026-09-26,10:00,16860,16160,16340,16220
2026-09-28,10:00,16590,15890,16070,15950
2026-09-29,10:00,16280,15580,15760,15640
2026-09-30,10:00,16470,15770,15950,15830
2026-10-01,10:00,16420,15720,15900,15780
2026-10-02,10:00,16390,15690,15870,15750
2026-10-03,10:00,16330,15630,15810,15690
2026-10-05,10:00,16360,15660,15840,15720
2026-10-06,10:00,16230,15530,15710,15590
2026-10-07,10:00,16310,15610,15790,15670
